{
    "mse": 0.044299375265836716,
    "rmse": 0.210474167692467,
    "mae": 0.13067688047885895,
    "r2": 0.6683312058448792,
    "valence_mse": 0.050077151507139206,
    "valence_rmse": 0.22377924726645052,
    "valence_mae": 0.13663449883460999,
    "valence_r2": 0.6476429104804993,
    "arousal_mse": 0.03852161392569542,
    "arousal_rmse": 0.19626923835816815,
    "arousal_mae": 0.12471931427717209,
    "arousal_r2": 0.6890202164649963
}