{
    "mse": 0.046707138419151306,
    "rmse": 0.2161183435508224,
    "mae": 0.1357744038105011,
    "r2": 0.6506626009941101,
    "valence_mse": 0.05349021032452583,
    "valence_rmse": 0.23127950692728017,
    "valence_mae": 0.14424453675746918,
    "valence_r2": 0.6236276626586914,
    "arousal_mse": 0.03992407023906708,
    "arousal_rmse": 0.19981008542880682,
    "arousal_mae": 0.12730418145656586,
    "arousal_r2": 0.6776983737945557
}