{
    "mse": 0.04499199986457825,
    "rmse": 0.21211317701778512,
    "mae": 0.13259409368038177,
    "r2": 0.663071870803833,
    "valence_mse": 0.05071793869137764,
    "valence_rmse": 0.22520643572371027,
    "valence_mae": 0.1393929421901703,
    "valence_r2": 0.6431341171264648,
    "arousal_mse": 0.039266061037778854,
    "arousal_rmse": 0.19815665781845146,
    "arousal_mae": 0.12579524517059326,
    "arousal_r2": 0.6830103993415833
}