{
    "mse": 0.043641798198223114,
    "rmse": 0.20890619473395974,
    "mae": 0.12926487624645233,
    "r2": 0.6732795238494873,
    "valence_mse": 0.049382247030735016,
    "valence_rmse": 0.2222211669277592,
    "valence_mae": 0.1345757097005844,
    "valence_r2": 0.6525324583053589,
    "arousal_mse": 0.03790133073925972,
    "arousal_rmse": 0.19468264108353298,
    "arousal_mae": 0.12395387142896652,
    "arousal_r2": 0.6940276622772217
}