{
    "mse": 0.04225355386734009,
    "rmse": 0.2055566925870819,
    "mae": 0.13264766335487366,
    "r2": 0.6831119656562805,
    "valence_mse": 0.04672979936003685,
    "valence_rmse": 0.2161707643508642,
    "valence_mae": 0.1326105147600174,
    "valence_r2": 0.6711958646774292,
    "arousal_mse": 0.03777733072638512,
    "arousal_rmse": 0.1943639131278878,
    "arousal_mae": 0.1326848268508911,
    "arousal_r2": 0.6950287222862244
}