{
    "mse": 0.04349295422434807,
    "rmse": 0.2085496445078439,
    "mae": 0.13428278267383575,
    "r2": 0.6740522384643555,
    "valence_mse": 0.048554662615060806,
    "valence_rmse": 0.22035122558102735,
    "valence_mae": 0.13504229485988617,
    "valence_r2": 0.6583555936813354,
    "arousal_mse": 0.03843130171298981,
    "arousal_rmse": 0.1960390310958249,
    "arousal_mae": 0.13352316617965698,
    "arousal_r2": 0.6897493004798889
}