{
    "mse": 0.04102804511785507,
    "rmse": 0.20255380795693542,
    "mae": 0.1306973248720169,
    "r2": 0.6921830177307129,
    "valence_mse": 0.045143093913793564,
    "valence_rmse": 0.21246904224802626,
    "valence_mae": 0.130201518535614,
    "valence_r2": 0.6823602914810181,
    "arousal_mse": 0.03691301867365837,
    "arousal_rmse": 0.19212761038866427,
    "arousal_mae": 0.13119326531887054,
    "arousal_r2": 0.7020062208175659
}