{
    "mse": 0.04418965429067612,
    "rmse": 0.21021335421584453,
    "mae": 0.1369292140007019,
    "r2": 0.6690915822982788,
    "valence_mse": 0.049835141748189926,
    "valence_rmse": 0.22323785912830718,
    "valence_mae": 0.1399485319852829,
    "valence_r2": 0.6493457555770874,
    "arousal_mse": 0.03854422643780708,
    "arousal_rmse": 0.1963268357556019,
    "arousal_mae": 0.13390985131263733,
    "arousal_r2": 0.6888376474380493
}