{
    "quantization": {
        "dynamic_quantized": true,
        "static_quantized": true,
        "dynamic": {
            "size": {
                "original_size_mb": 515.4184856414795,
                "quantized_size_mb": 515.4184856414795,
                "reduction_percent": 0.0
            },
            "speed": {
                "original_time_ms": 55.76491355895996,
                "quantized_time_ms": 52.312800884246826,
                "speedup_percent": 6.190474358152162
            }
        },
        "static": {
            "speed": {
                "original_time_ms": 52.17651605606079,
                "quantized_time_ms": 52.307870388031006,
                "speedup_percent": -0.2517499095360868
            }
        },
        "accuracy_comparison": {
            "Original": {
                "loss": 0.30171338882711196,
                "rmse": 0.365846274330956,
                "r2": -0.0663878321647644,
                "mae": 0.28127631545066833
            },
            "Quantized": {
                "loss": 0.30171338882711196,
                "rmse": 0.365846274330956,
                "r2": -0.0663878321647644,
                "mae": 0.28127631545066833
            },
            "Difference": {
                "loss_diff": 0.0,
                "rmse_diff": 0.0,
                "r2_diff": 0.0,
                "mae_diff": 0.0
            }
        }
    }
}