{
    "dynamic_quantized": true,
    "static_quantized": true,
    "dynamic": {
        "size": {
            "original_size_mb": 515.4184856414795,
            "quantized_size_mb": 515.4184856414795,
            "reduction_percent": 0.0
        },
        "speed": {
            "original_time_ms": 55.76491355895996,
            "quantized_time_ms": 52.312800884246826,
            "speedup_percent": 6.190474358152162
        }
    },
    "static": {
        "speed": {
            "original_time_ms": 52.17651605606079,
            "quantized_time_ms": 52.307870388031006,
            "speedup_percent": -0.2517499095360868
        }
    }
}