{
    "quantization": {
        "dynamic_quantized": true,
        "static_quantized": true,
        "dynamic": {
            "size": {
                "original_size_mb": 515.4184856414795,
                "quantized_size_mb": 515.4184856414795,
                "reduction_percent": 0.0
            },
            "speed": {
                "original_time_ms": 56.12133979797363,
                "quantized_time_ms": 52.58093595504761,
                "speedup_percent": 6.308480616590444
            }
        },
        "static": {
            "speed": {
                "original_time_ms": 52.28895902633667,
                "quantized_time_ms": 52.58125305175781,
                "speedup_percent": -0.5589975988504977
            }
        },
        "accuracy_comparison": {
            "Original": {
                "loss": 0.2893560704257753,
                "rmse": 0.3563258976982776,
                "r2": -0.012583017349243164,
                "mae": 0.26511141657829285
            },
            "Quantized": {
                "loss": 0.2893560704257753,
                "rmse": 0.3563258976982776,
                "r2": -0.012583017349243164,
                "mae": 0.26511141657829285
            },
            "Difference": {
                "loss_diff": 0.0,
                "rmse_diff": 0.0,
                "r2_diff": 0.0,
                "mae_diff": 0.0
            }
        }
    }
}